<?xml version="1.0" encoding="UTF-8"?>
<Entities>
    <ExtensionPackages>
        <ExtensionPackage
         dependsOn=""
         description=""
         haCompatible="false"
         minimumThingWorxVersion="9.3.1"
         name="Flux2Connector"
         packageVersion="1.0.0"
         vendor="PTCTS">
            <JarResources>
                <FileResource
                 description=""
                 file="flux2connector.jar"
                 type="JAR"></FileResource>
            </JarResources>
        </ExtensionPackage>
    </ExtensionPackages>
    <ThingPackages>
        <ThingPackage
         className="PTCTS.Influx2.Flux2Connector"
         description=""
         name="Flux2ConnectorPackage"></ThingPackage>
    </ThingPackages>
    <ThingTemplates>
        <ThingTemplate
         aspect.isEditableExtensionObject="true"
         description=""
         name="Flux2Connector"
         thingPackage="Flux2ConnectorPackage"></ThingTemplate>
    </ThingTemplates>
</Entities>
